NAMA_BARANG,JML_BARANG
ANALISA SAMPEL RBD PALM STEARIN,1.0
Aflatoxin B1 Qty  1 Sampel  Palm Kernel Expeller PKE Kode Sampel  PKE KCP DUM305 Tanggal Sampling  01 November 2021 Jasa Uji Laboratorium KJU No  XX  XX ,1.0
Analisa  Pengujian INSPEKSI MINYAK KELAPA SAWIT DAN PRODUK TURUNANNYA dan Analisa  Pengujian 1 Sa,1.0
Discarging Survey of CPO 2999998 MT at Kabil Batam on 1416122021,1.0
Discarging Survey of CPO 3149193 MT at Kabil Batam on 2628102021,1.0
KALIBRASI SOUNDING TAPE CPO,1.0
Loading Survey of CPKO 1999887 MT and CPO 2503809 MT at Dumai on 1516102021,1.0
Loading Survey of CPO 2999998 MT at Dumai on 0607122021,1.0
Loading Survey of CPO 3000301 MT at Tayan on 1920102021,1.0
POSITIONERP520175209481 MANUFACTURERFLOWSERVE FOR CPO WASHINGFORREF SCPR1000111222,1.0
Pengiriman Kecambah Sawit,1.0
Residu Pesticide GMP PKE Qty  1 Sampel  Palm Kernel Expeller PKE Kode Sampel  PKE KCP DUM305 Tanggal Sampling  01 November 2021 Jasa Uji Laboratorium KJU No  XX  XX,1.0
SEWA ALAT BERAT ROAD GRADDER LOKASI KERJA  DIV 12345 AKSES CPO DENGAN HASIL PEKERJAAN 25200  HM X RP 375000,1.0
TANDAN BUAH SEGAR KELAPA SAWIT TAHUN TANAM 1994 1081230 KG,1.0
TANDAN BUAH SEGAR KELAPA SAWIT TAHUN TANAM 1994 1190024 KG,1.0
TANDAN BUAH SEGAR KELAPA SAWIT TAHUN TANAM 1995 4907412 KG,1.0
TANDAN BUAH SEGAR KELAPA SAWIT TAHUN TANAM 1995 5276210 KG,1.0
TANDAN BUAH SEGAR KELAPA SAWIT TAHUN TANAM 1995 5701628 KG,1.0
TANDAN BUAH SEGAR KELAPA SAWIT TAHUN TANAM 1996 12217767 KG,1.0
TANDAN BUAH SEGAR KELAPA SAWIT TAHUN TANAM 1996 13269963 KG,1.0
TANDAN BUAH SEGAR KELAPA SAWIT TAHUN TANAM 1996 13269963 KG,1.0
TANDAN BUAH SEGAR KELAPA SAWIT TAHUN TANAM 1996 13609592 KG,1.0
TANDAN BUAH SEGAR KELAPA SAWIT TAHUN TANAM 1997 7184896 KG,1.0
TANDAN BUAH SEGAR KELAPA SAWIT TAHUN TANAM 1997 7637226 KG,1.0
TANDAN BUAH SEGAR KELAPA SAWIT TAHUN TANAM 1997 8113557 KG,1.0
TANDAN BUAH SEGAR KELAPA SAWIT TAHUN TANAM 1997 8628950 KG,1.0
TANDAN BUAH SEGAR KELAPA SAWIT TAHUN TANAM 1997 8861121 KG,1.0
TANDAN BUAH SEGAR KELAPA SAWIT TAHUN TANAM 1998 1458681 KG,1.0
TANDAN BUAH SEGAR KELAPA SAWIT TAHUN TANAM 1999 1700094 KG,1.0
TANDAN BUAH SEGAR KELAPA SAWIT TAHUN TANAM 1999 1990593 KG,1.0
TANDAN BUAH SEGAR KELAPA SAWIT TAHUN TANAM 1999 2367230 KG,1.0
Termin 4 7617 Pekerjaan Design and Build Gas Holder Pabrik Kelapa Sawit PKS LIBO,1.0
Uang Muka II Crude Palm Oil CPO,1.0
5 Bl Blanko Sounding Palm Kernel SCPR  0010662610 ,5.0
PAINTING JOTUN HARDTOP XP WARNA CPO OIL RAL 18 LTR,5.0
MASTER KEY GEMBOK TRUK CPO,7.0
10 Bl Blanko Analisa Minyak Sawit Oil Loss SCPR  0010810374 ,10.0
MASTER KEY GEMBOK TRUK CPO,11.0
20 Bl Blanko Bast Sample Despatch CPO SCPR  0010658424  ,20.0
BLANKO SOUNDING PALM KERNEL,20.0
Minyak Kelapa Sawit CPO,50.0
CPOCRUDE PALM OIL,93.0
100 Bl Blanko Rekap Denda Grading TBS Plasma SCPR  XX ,100.0
VITAMIN A PALMITATE 17 mIUg 0418579294 FO HS 29362100,250.0
Lebih Kirim Toleransi atas SPJB No  088XXCPOXXX20XX,300.0
Lebih Angkut Palm Kernel,378.0
CPOCrude Palm Oil Kontrak No082XXXXXX20XX,410.0
Tanaman Kelapa Sawit,417.0
Penjualan Crude Palm Oil,456.0
Lubang tanam Mekanis Sawit Div6,473.0
CRUDE PALM OIL CPO HS CODE  15111000,750.0800171
Palm Kernel,1000.0
Pelunasan freight inti sawit in basg PangkalBalamLampung,1100.0
PK Palm Kernel,1165.0
Pelunasan freight  inti sawit curah Pangkal BalamLampung,1200.0
Pelunasan freight inti sawit curah KendawanganLampung,1204.449951
PALM KERNEL RSPOMB,1370.0
ONGKOS ANGKUT PALM KERNEL,1450.0
Pembayaran I freight inti sawit curah KendawanganLampung,1504.444946
CRUDE PALM OIL,1760.0
Ongkos angkut CPO,1760.0
FP 100 Freight Palm Kernel,1800.0
TBS PER 1630 JUN 2021 TT 2012,1894.0
CPO Crude Palm Oil ,1999.920044
Palm Kernel,2100.0
Pembayaran Uang Muka CPOCrude Palm Oil Kontrak No052XXXCCPOXX20XX,2160.0
Palm Kernel,2170.0
Palm Kernel,2210.0
CRUDE PALM OIL,2380.0
PK Palm Kernel Kontrak 022PKIMTLILXI2021,2600.0
CRUDE PALM OIL CPO,2980.0
Pembayaran Uang Muka PKPalm Kernel NoKontrak 077XXXXXX20XX,3080.0
PENJUALAN CRUDE PALM OIL,3240.0
Pembayaran Uang Muka PKPalm Kernel NoKontrak 064XXCPKXX20XX,3300.0
Ongkos Angkut TBS DIV 7,3340.0
Tanaman Kelapa Sawit Batch 202201R121 PO4200159439,3768.0
BIAYA HANDLING CPO,3919.510986
CPOCrude Palm Oil Kontrak No117,4120.0
Penjualan CPO 257SRMCPOPKUIX2021,4210.0
CRUDE PALM OIL,4230.0
PENJUALAN CRUDE PALM OIL,4600.0
Crude Palm Oil CPO 4910 Kg Kontrak 584,4910.0
Palm Kernel PK 4964 Kg Kontrak 281KERNEL,4964.0
Crude Palm Oil,5000.0
PENJUALAN PALM KERNEL,5000.0
Palm Kernel PK 5000 Kg Kontrak 255KERNEL,5000.0
CRUDE PALM OIL HS CODE 15111000,5160.0
PKPalm Kernel NoKontrak 067,5160.0
PENJUALAN PALM KERNEL,5220.0
CPO,5357.0
Minyak Sawit  CPO  ,5487.0
PENJUALAN 5690 KG CPO,5690.0
TBS PER 1631 MEI 2021 TT 2009,5805.0
CPO NO C02CASSTNXIXX,5850.0
Ongkos Angkut TBS DIV 4,5880.0
CRUDE PALM OIL,6430.0
CRUDE PALM OIL FFA  5 max MI  05 max,7000.0
PENJUALAN 7100 KG CPO,7100.0
Palm Kernel PK,7130.0
PALM KERNEL INTI SAWIT,7194.0
CPO,7500.0
CPO KONTRAK JUAL BELI NOC02XX,7500.0
CRUDE PALM OIL,7540.0
PALM KERNEL,7550.0
TBS Periode 07 Maret 2021,8079.100098000001
Penjualan CPO 015CPOCC,8120.0
CRUDE PALM OIL,8340.0
CPO NO C01CASSTNXXXX,8500.0
PK PALM KERNEL,8620.0
CRUDE PALM OIL CPO SESUAI KONTRAK NO SO0012XXXXX DAN INVOICE NO INV0171XXXXX,8740.0
PKPalm Kernel NoKontrak 043XXXX,8830.0
CPOCrude Palm Oil NoKontrak 169XXXXX,8970.0
PALM KERNEL ,9005.0
Ongkos Angkut TBS DIV 3,9060.0
CRUDE PALM OIL,9240.0
CRUDE PALM OIL,9729.0
Crude Palm Oil CPO 9990 Kg Kontrak 562CPOXXXXX,9990.0
CPO KONTRAK JUAL BELI NOC04XXXX,10000.0
CPO KONTRAK JUAL BELI NOC05XXXXX,10000.0
Crude Palm Oil CPO 10000 Kg Kontrak 574CPOXXXXX,10000.0
Crude Palm Oil CPO 10000 Kg Kontrak 587CPOXXXX,10000.0
Ongkos Angkut TBS DIV 2,10260.0
CPO,10490.0
Ongkos Angkut TBS DIV 3,10640.0
CRUDE PALM OIL HS CODE 15111000,11128.0
CRUDE PALM OIL,11480.0
PALM KERNEL,12180.0
Ongkos Angkut TBS DIV 1,12260.0
CRUDE PALM OIL,12370.0
CPO KONTRAK JUAL BELI NOC05XXXXX,12500.0
CRUDE PALM OIL,12940.0
TBS PERIODE 31 MARET 2021,13048.59961
Palm Kernel,13110.0
CPOCrude Palm Oil NoKontrak 108PMXXXXXXX,13430.0
CRUDE PALM OIL,14160.0
TBS PERIODE 10 AGUSTUS 2021,14529.90039
PENJUALAN CRUDE PALM OIL,14600.0
CRUDE PALM OIL,14660.0
CRUDE PALM OIL,14900.0
Palm Kernel,15174.0
BENIH KELAPA SAWITDAMIMAS,15238.0
CRUDE PALM OIL,15860.0
CRUDE PALM OIL FFA  5 max MI  05 max,16000.0
CRUDE PALM OIL CPO  ISCC CERTIFICATE CODE  EUISCCCertDE11962204280,16440.0
Palm Kernel,16532.0
Ongkos Angkut TBS DIV 1,16560.0
PENJUALAN PALM KERNEL,16580.0
TBS Periode 05 Januari 2021,16797.0
CRUDE PALM OIL,16880.0
BIAYA HANDLING CPO,16999.36914
PALM KERNEL KONTRAK NO 046SJMSXXXXXXX,17700.0
Palm Kernel,17746.0
Ongkos Angkut TBS Div 3,18450.0
PENJUALAN CRUDE PALM OIL,18500.0
Crude Palm Oil,18650.0
Ongkos Angkut TBS DIV 4,18870.0
PALM KERNEL,19080.0
Palm Kernel,19169.0
Pembayaran Uang Muka CPOCrude Palm Oil Kontrak No005PSJXXXXXX,19250.0
CRUDE PALM OIL,19540.0
PALM KERNEL,19620.0
PALM KERNEL,19900.0
Palm Kernel,20100.0
Ongkos Angkut TBS DIV 2,20370.0
PENJUALAN PALM KERNEL,20780.0
Palm Kernel,20860.0
PKPalm Kernel NoKontrak 118PMXXXXXX,21050.0
Palm Kernel,21060.0
TBS PERIODE 23 JULI 2021,21148.90039
CRUDE PALM OIL,21250.0
Pembayaran Uang Muka CPOCrude Palm Oil Kontrak No040PSJXXXXX,21630.0
Palm Kernel,21634.0
CPO Crude Palm Oil Kontrak 038CPOIMTXXXXXX,21690.0
CRUDE PALM OIL ,22000.0
Ongkos Angkut TBS DIV 1,22060.0
Ongkos Angkut TBS Div 5,22290.0
TBS PERIODE 15 OKTOBER 2021,22795.59961
CRUDE PALM OIL,23360.0
Palm Kernel,23436.0
Palm Kernel,23559.0
Ongkos Angkut TBS DIV 2,23590.0
Palm Kernel,23701.0
CPOCrude Palm Oil NoKontrak 063PMXXXX,23940.0
Palm Kernel Oil,24390.0
CRUDE PALM OIL,24560.0
PENJUALAN PALM KERNEL,24800.0
TBS PER 0115 JUN 2021 TT 2008,24871.0
PALM KERNEL,25020.0
PALM KERNEL,25040.0
TBS TLJX JLYM Bulan Juni 2021 Tahun Tanam 2008,25179.0
PENJUALAN CPO  043SRMXXXXXX2021 ,25340.0
PALM KERNEL,25530.0
TBS PERIODE 31 JANUARI 2021,25781.0
TBS PERIODE 12  13 APRIL 2021,25802.0
PK Palm Kernel Kontrak 015PKIMTLILXXXXXXX,25810.0
Palm Kernel,25820.0
CRUDE PALM OIL,26130.0
Palm Kernel,26907.0
CRUDE PALM OIL,27000.0
PK Palm Kernel,27050.0
PENJUALAN CRUDE PALM OIL,27210.0
CPO Crude Palm Oil Kontrak 042CPOIMTLILX2021,27280.0
PALM KERNEL,27650.0
PENJUALAN CRUDE PALM OIL,27900.0
CRUDE PALM OIL,27970.0
PKPalm Kernel Kontrak No007PSJCPKI2021,28320.0
PKPalm Kernel Kontrak No054PSJCPKIV2021,28320.0
CRUDE PALM OIL KG,28420.0
Crude Palm Oil,28693.0
PKPalm Kernel Kontrak No003PSJCPKI2021,28700.0
Ongkos Angkut TBS DIV 4,28760.0
PALM KERNEL,28910.0
PALM KERNEL OIL,29070.0
TBS Periode 05  06 Juli 2021,29106.0
CPOCrude Palm Oil Kontrak No005PSJCCPOI2021,29250.0
CPOCrude Palm Oil NoKontrak 039PMCCPOIII2021,29270.0
PKPalm Kernel NoKontrak 064PMCPKIV2021,29290.0
CRUDE PALM OIL,29362.0
CPOCrude Palm Oil NoKontrak 017PMCCPOI2021,29370.0
PKPalm Kernel NoKontrak 082PMCPKV2021,29520.0
TBS PERIODE 01  02 JUNI 2021,29600.30078
CRUDE PALM OIL,29690.0
Ongkos Angkut TBS DIV 2,29830.0
PK Palm Kernel Kontrak 004PKIMTLILII2021,29920.0
TBS PERIODE 13  NOVEMBER 2021,29927.90039
CRUDE PALM OIL,30020.0
CRUDE PALM OIL,30100.0
PK Palm Kernel Kontrak 013PKIMTLILVIII2021,30280.0
CRUDE PALM OIL,30870.0
PK Palm Kernel Kontrak 012PKIMTLILVIII2021,30870.0
CLAIM CPO,30890.0
TBS PER 1631 DES 2021 TT 2012,31324.0
BENIH KELAPA SAWITDAMIMAS,31905.0
PENJUALAN CRUDE PALM OIL,31970.0
CRUDE PALM OIL,32250.0
CPO Crude Palm Oil Kontrak 017CPOIMTLILVI2021,32260.0
PALM KERNEL,32650.0
CPO Crude Palm Oil Kontrak 006CPOIMTLILIII2021,32690.0
TBS PERIODE 12  13 JULI 2021,33038.89844
Bibit Kelapa Sawit,33333.0
CRUDE PALM OIL,33510.0
Crude Palm Oil,34136.0
TBS Periode 15 Maret 2021,34567.60156
Crude Palm Oil,34600.0
Ongkos Angkut TBS DIV 1,34610.0
Ongkos Angkut TBS DIV 4,34660.0
TBS PERIODE 22  23 MARET 2021,34889.80078
CRUDE PALM OIL,34925.0
CPOCrude Palm Oil Kontrak No004PSJCCPOI2021,35190.0
PK Palm Kernel Kontrak 010PKIMTLILVII2021,35440.0
TBS PERIODE 21 DESEMBER 2021,35510.80078
PALM KERNEL PK,36000.0
TBS PERIODE 11  12 AGUSTUS 2021,36139.19922
Ongkos Angkut TBS DIV 3,36220.0
TBS PERIODE 27 OKTOBER 2021,36246.10156
Palm Kernel,36731.0
TBS PERIODE 09  10 OKTOBER 2021,36803.5
Ongkos Angkut TBS DIV 7,37460.0
CPOCrude Palm Oil NoKontrak 089PMCCPOV2021,37520.0
CPOCrude Palm Oil NoKontrak 066PMCCPOIV2021,37830.0
Ongkos Angkut TBS Div 5,38170.0
Palm Kernel,38190.0
Pembayaran Uang Muka CPOCrude Palm Oil Kontrak No027PSJCCPOII2021,38770.0
TBS PER 1631 DES 2021 TT 2011,39181.0
Ongkos Angkut TBS DIV 3,39340.0
PENJUALAN CRUDE PALM OIL,39340.0
CPOCrude Palm Oil NoKontrak 150PMCCPOIX2021,39450.0
Crude Palm Oil,39519.0
TBS Periode 17 Juni 2021,39741.30078
CRUDE PALM OIL,39800.0
Palm Kernel,39923.0
CRUDE PALM OIL,40050.0
PALM KERNEL,40120.0
PALM KERNEL CURAH  MB Mass Balance  RSPO CertifiedCertificate Code  MUTURSPO062,40580.0
TBS PER 0115 DES 2021 TT 2013,40676.0
TBS PERIODE 26 FEBRUARI 2021,41839.5
Ongkos Angkut TBS Div 4,41990.0
Crude Palm Oil,42278.0
Ongkos Angkut TBS DIV 3,42630.0
TBS PERIODE 16 DESEMBER 2021,42716.80078
INTI SAWIT,42750.0
Crude Palm Oil,43373.0
Palm Kernel,44447.0
Ongkos Angkut TBS DIV 2,45360.0
TBS Periode 0607 Desember 2021,45962.0
CRUDE PALM OIL,46000.0
PENJUALAN PALM KERNEL,46200.0
TBS Periode 29 sd 30 November 2021,46205.89844
Palm Kernel,46528.0
UANG MUKA PALM KERNEL,46970.0
Crude Palm Oil,47309.0
TBS PER 1630 NOV 2021 TT 2008,47485.0
PK Palm Kernel,47500.0
Pembayaran Uang Muka CPOCrude Palm Oil NoKontrak 073PMCCPOIV2021,48850.0
PALM KERNEL,49130.0
TBS PERIODE 16  17 OKTOBER 2021,49182.10156
Ongkos Angkut TBS Div 1,49270.0
PENJUALAN CRUDE PALM OIL,49370.0
CPOCrude Palm Oil Kontrak No053PSJCCPOIV2021,49620.0
TBS PER 1631 DES 2021 TT 2013,49650.0
CRUDE PALM OIL,49980.0
PALM KERNEL,49980.0
Ongkos Angkut CPO,50010.0
Crude Palm Oil,50160.0
Palm Kernel,50167.0
PALM KERNEL,50450.0
CPO Crude Palm Oil Kontrak 001CPOIMTLILI2021,50900.0
TBS Periode 07 sd 08 Juni 2021,51216.80078
PENJUALAN PALM KERNEL,51490.0
CPOCrude Palm Oil Kontrak No012PSJCCPOI2021,51570.0
TBS PER 1631 OKT 2021 TT 2008,51809.0
UANG MUKA CRUDE PALM OIL,51830.0
CPOCrude Palm Oil Kontrak No002PSJCCPOI2021,51980.0
PENJUALAN PALM KERNEL,52130.0
TBS PERIODE 25 MEI 2021,52631.0
PALM KERNEL,52960.0
CRUDE PALM OIL,54140.0
Ongkos Angkut TBS Div 4,54790.0
PALM KERNEL,54850.0
TBS PER 0115 DES 2021 TT 2012,54981.0
TBS PERIODE 02  03 AGUSTUS 2021,55336.39844
Palm Kernel,55450.0
KLAIM MUTU CPO,56201.20313
PALM KERNEL,56740.0
PANJAR PALM KERNEL KONTRAK NO 012SJMSKJBPKII2021,57000.0
Pembayaran Uang Muka CPOCrude Palm Oil NoKontrak 053PMCCPOIII2021,57130.0
PK PALM KERNEL,57368.0
Crude Palm Oil,57404.0
CRUDE PALM OIL,57450.0
CPOCrude Palm Oil NoKontrak 013PMCCPOI2021,57520.0
TBS Periode 15 sd 16 November 2021,57600.60156
PALM KERNEL,57660.0
CPOCrude Palm Oil Kontrak No084PSJCCPOVIII2021,57760.0
CPO Crude Palm Oil Kontrak 010CPOIMTLILIV2021,57850.0
PKPalm Kernel Kontrak No105PSJCPKIX2021,57960.0
Palm Kernel Oil,58010.0
Ongkos Angkut TBS DIV 4,58180.0
PALM KERNEL OIL,58450.0
CRUDE PALM OIL,58870.0
Palm Kernel,59583.0
PKPalm Kernel NoKontrak 100PMCPKVI2021,59830.0
CPO Crude Palm Oil Kontrak 020CPOIMTLILVI2021,60250.0
PALM KERNEL,60450.0
Palm Kernel,60556.0
CRUDE PALM OIL,61140.0
CPOCrude Palm Oil NoKontrak 062PMCCPOIV2021,61340.0
CPOCrude Palm Oil No Kontrak 210PMCCPOXII2021,61390.0
Ongkos Angkut TBS DIV 2,61880.0
CPOCrude Palm Oil NoKontrak 034PMCCPOII2021,61900.0
PALM KERNEL,62320.0
Ongkos Angkut TBS DIV 2,62470.0
CRUDE PALM OIL KG,62700.0
Crude Palm Oil,62953.0
Crude Palm Oil,63006.0
PALM KERNEL,63070.0
TBS Periode 09 sd 10 Oktober 2021,63625.19922
TBS Periode 28 Juni 2021,63660.60156
Pembayaran Uang Muka CPOCrude Palm Oil Kontrak No098PSJCCPOIX2021,64450.0
Crude Palm Oil,64813.0
CPO Crude Palm Oil Kontrak 041CPOIMTLILX2021,64880.0
TBS Periode 25  28 Agustus 2021,65278.0
Crude Palm Oil,65630.0
CPO Crude Palm Oil Kontrak 015CPOIMTLILVI2021,65790.0
TBS PER 1631 DES 2021 TT 2010,65885.0
CRUDE PALM OIL,66460.0
Tuslaag TBS Div 6,66960.0
Pembayaran Uang Muka CPOCrude Palm Oil Kontrak No074PSJCCPOVII2021,67080.0
Palm Kernel,69150.0
PALM KERNEL,69220.0
PALM KERNEL KONTRAK NO 036SJMSKJBPKIV2021,69750.0
Panjar Penjualan CPO 146SRMCPOPKUVI2021,71060.0
TBS PERIODE 30  31 OKTOBER 2021,71305.5
CRUDE PALM OIL,71770.0
Ongkos Angkut TBS DIV 6,72050.0
TBS Periode 04  07 September 2021,72520.0
TBS Periode 23  27 Juli 2021,73510.0
Palm Kernel,74180.0
PALM KERNEL,74500.0
Ongkos Angkut CPO,74730.0
TBS Periode 23 Maret 2021,74759.89844
Pembelian Palm Kernel PK,74850.0
CRUDE PALM OIL,74870.0
CRUDE PALM OIL,74940.0
CRUDE PALM OIL,74970.0
CRUDE PALM OIL,74975.0
PALM KERNEL,74990.0
Ongkos Angkut CPO,75060.0
Ongkos Angkut CPO,75140.0
Ongkos Angkut CPO,75560.0
CRUDE PALM OIL,75640.0
Ongkos Angkut CPO,75890.0
Ongkos Angkut CPO,76000.0
Ongkos Angkut TBS DIV 1,76090.0
UANG MUKA CRUDE PALM OIL,76600.0
CRUDE PALM OIL,78289.0
CRUDE PALM OIL,79270.0
CRUDE PALM OIL,79380.0
CPOCrude Palm Oil NoKontrak 016PMCCPOI2021,79480.0
CRUDE PALM OIL,79490.0
PALM KERNEL,79600.0
Ongkos Angkut TBS DIV 5,79610.0
CRUDE PALM OIL,79810.0
CRUDE PALM OIL,80000.0
Crude Palm Oil DP 95 Surat Perjanjian JualBeli No0053POMKPRCPOII2021 Tanggal 09 Februari 2021 PO No 9100072922,80000.0
Crude Palm Oil DP 95 Surat Perjanjian JualBeli No0092POMKPRCPOIII2021 Tanggal 09 Maret 2021 PO No 9100073860,80000.0
Crude Palm Oil DP 95 Surat Perjanjian JualBeli No0100POMKPRCPOIII2021 Tanggal 16 Maret 2021 PO No 9100074149,80000.0
Crude Palm Oil DP 95 Surat Perjanjian JualBeli No0283POMKPRCPOVII2021 Tanggal 27 Juli 2021 PO No 9100078625,80000.0
Crude Palm Oil DP 95 Surat Perjanjian JualBeli No0300POMKPRCPOVIII2021 Tanggal 05 Agustus 2021 PO No 9100079001,80000.0
Crude Palm Oil DP 98 Surat Perjanjian JualBeli No0377POMKPRCPOIX2021 Tanggal 28 September 2021 PO No 9100080901,80000.0
Crude Palm Oil DP 98 Surat Perjanjian JualBeli No0392POMKPRCPOX2021 Tanggal 07 Oktober 2021 PO No 9100081336,80000.0
Crude Palm Oil DP 98 Surat Perjanjian JualBeli No0432POMKPRCPOXI2021 Tanggal 04 November 2021 PO No 9100082337,80000.0
Crude Palm Oil DP 98 Surat Perjanjian JualBeli No0470POMKPRCPOXII2021 Tanggal 02 Desember 2021 PO No 9100083485,80000.0
Crude Palm Oil Pelunasan Surat Perjanjian JualBeli No0096POMKPRCPOIII2021 Tanggal 10 Maret 2021 PO No 9100073923,80000.0
Crude Palm Oil Pelunasan Surat Perjanjian JualBeli No0122POMKPRCPOIV2021 Tanggal 01 April 2021 PO No 9100074721,80000.0
Crude Palm Oil Pelunasan Surat Perjanjian JualBeli No0224POMKPRCPOVI2021 Tanggal 17 Juni 2021 PO No 9100077122,80000.0
Crude Palm Oil Pelunasan Surat Perjanjian JualBeli No0306POMKPRCPOVIII2021 Tanggal 10 Agustus 2021 PO No 9100079145,80000.0
Crude Palm Oil Pelunasan Surat Perjanjian JualBeli No0392POMKPRCPOX2021 Tanggal 07 Oktober 2021 PO No 9100081336,80000.0
Crude Palm Oil Pelunasan Surat Perjanjian JualBeli No0398POMKPRCPOX2021 Tanggal 12 Oktober 2021 PO No 9100081484,80000.0
Palm Kernel  Surat Perjanjian JualBeli No0006POMKPRPKI2021 Tanggal 06 Januari 2021 PO No 9100071767,80000.0
Palm Kernel  Surat Perjanjian JualBeli No0046POMKPRPKII2021 Tanggal 03 Februari 2021 PO No 9100072703,80000.0
Palm Kernel DP 95 Surat Perjanjian JualBeli No0112POMKPRPKIII2021 Tanggal 24 Maret 2021 PO No 9100074438,80000.0
Palm Kernel DP 95 Surat Perjanjian JualBeli No0140POMKPRPKIV2021 Tanggal 14 April 2021 PO No 9100075154,80000.0
Palm Kernel Pelunasan Surat Perjanjian JualBeli No0064POMKPRPKII2021 Tanggal 17 Februari 2021 PO No 9100073155,80000.0
Palm Kernel Pelunasan Surat Perjanjian JualBeli No0401POMKPRPKX2021 Tanggal 13 Oktober 2021 PO No 9100081509,80000.0
Palm Kernel Pelunassan Surat Perjanjian JualBeli No0361POMKPRPKIX2021 Tanggal 15 September 2021 PO No 9100080439,80000.0
Palm Kernel Surat Perjanjian JualBeli No0150POMKPRPKIV2021 Tanggal 21 April 2021 PO No 9100075392,80000.0
CPOCrude Palm Oil NoKontrak 034PMCCPOII2021,80340.0
PALM KERNEL,80370.0
PALM KERNEL,80380.0
PKPalm Kernel Kontrak No007PSJCPKI2021,80500.0
PALM KERNEL PK,80860.0
CRUDE PALM OIL,80900.0
TBS PERIODE 23  27 JUNI 2021,82427.29688
PALM KERNEL,82860.0
PALM KERNEL,83020.0
PALM KERNEL,83240.0
CRUDE PALM OIL,84320.0
Crude Palm Oil,84466.0
Ongkos angkut CPO,84750.0
CRUDE PALM OIL CPO SESUAI KONTRAK NO SO01021021307202122152 DAN INVOICE NOINV00821021309202122137,85412.0
PANJAR PALM KERNEL KONTRAK NO 010SJMSKJBPKII2021,85500.0
PANJAR PALM KERNEL KONTRAK NO 098SJMSKJBPKXI2021,85500.0
Ongkos Angkut TBS Div 4,86190.0
Ongkos Angkut TBS DIV 3,86220.0
PENJUALAN CPO 136CPOKSPSIPXI2021,86280.0
Tuslaag TBS Div 1,86280.0
CRUDE PALM OIL,87720.0
PKPalm Kernel NoKontrak 059PMCPKIV2021,88460.0
PKPalm Kernel NoKontrak 077PMCPKIV2021,88840.0
PALM KERNEL,88940.0
PALM KERNEL,89860.0
PALM KERNEL,89870.0
CRUDE PALM OIL,90050.0
CPO Crude Palm Oil Kontrak 037CPOIMTLILIX2021,91220.0
Penjualan CPO 280SRMCPOPKUXII2020,91370.0
PALM KERNEL,91450.0
Ongkos Angkut TBS DIV 1,91620.0
UANG MUKA PK  PALM KERNEL ,92500.0
TBS Periode 03  09 November 2021,92522.0
CPOCrude Palm Oil Kontrak No086PSJCCPOVIII2021,93340.0
CPO CRUDE PALM OIL,95000.0
Crude Palm Oil CPO 95000 Kg Kontrak 596CPOSMNIMTXII2021 PO 9100083686,95000.0
PK PALM KERENEL,95000.0
PK PALM KERNEL,95000.0
PK Palm Kernel,95000.0
Palm Kernel PK 95000 Kg Kontrak 255KERNELSMNIMTI2021 PO 9100071911,95000.0
Pembayaran Uang Muka CPOCrude Palm Oil Kontrak No110PSJCCPOX2021,95000.0
Pembayaran Uang Muka CPOCrude Palm Oil NoKontrak 038PMCCPOIII2021,95000.0
CPO,95240.0
PALM KERNEL,95380.0
Ongkos Angkut TBS DIV 2,95470.0
Palm Kernel,97070.0
Ongkos Angkut CPO,97840.0
PALM KERNEL,97960.0
INTI KELAPA SAWIT,98000.0
PALM KERNEL,98000.0
PENJUALAN CPO 028CPOKSPSIPIII2021,98000.0
PENJUALAN CPO 049CPOKSPSIPIV2021,98000.0
Panjar Penjualan CPO 001SRMCPOPKUI2021,98000.0
Panjar Penjualan CPO 022SRMCPOPKUI2021,98000.0
Panjar Penjualan CPO 026SRMCPOPKUII2021,98000.0
Panjar Penjualan CPO 044CPOPNNIIMTV2021,98000.0
Panjar Penjualan CPO 059SRMCPOPKUIII2021,98000.0
Panjar Penjualan CPO 062SRMCPOPKUIII2021,98000.0
Panjar Penjualan CPO 064SRMCPOPKUIII2021,98000.0
Panjar Penjualan CPO 100CPOPNNIIMTXI2021,98000.0
Panjar Penjualan CPO 167SRMCPOPKUVII2021,98000.0
Panjar Penjualan CPO 177SRMCPOPKUVII2021,98000.0
Panjar Penjualan CPO 197SRMCPOPKUVIII2021,98000.0
Panjar Penjualan CPO 201SRMCPOPKUVIII2021,98000.0
Panjar Penjualan CPO 262SRMCPOPKUX2021,98000.0
Panjar Penjualan CPO 265SRMCPOPKUX2021,98000.0
Panjar Penjualan CPO 276SRMCPOPKUX2021,98000.0
Panjar Penjualan CPO 285SRMCPOPKUX2021,98000.0
Panjar Penjualan CPO 320SRMCPOPKUXI2021,98000.0
Uang muka PK PALM KERNEL  98  ,98000.0
Ongkos Angkut CPO,98210.0
Ongkos Angkut CPO,98220.0
Palm Kernel  PK  ,98690.0
TBS Periode 19 Juli 2021,98732.70313
Ongkos Angkut CPO,98950.0
Ongkos Angkut TBS Div 6,99160.0
Ongkos Angkut CPO,99230.0
Ongkos Angkut CPO,99350.0
Penjualan CPO 014SRMCPOPKUI2021,99360.0
Minyak Sawit  CPO  ,99460.0
CPO Crude Palm Oil Kontrak 016CPOIMTLILVI2021,99540.0
Minyak Sawit  CPO ,99540.0
TBS Periode 2730 Oktober 2021,99548.0
Ongkos Angkut CPO,99570.0
Crude Palm Oil CPO,99580.0
CPO CRUDE PALM OIL,99600.0
CRUDE PALM OIL,99640.0
PK PALM KERNEL,99640.0
PALM KERNEL,99650.0
PALM KERNEL ,99660.0
CPO CRUDE PALM OIL,99690.0
PALM KERNEL,99690.0
PK PALM KERNEL,99720.0
Minyak Sawit  CPO  ,99730.0
CPO,99740.0
PALM KERNEL PK,99760.0
Palm Kernel,99770.0
CPO CRUDE PALM OIL,99780.0
CRUDE PALM OIL CPO,99780.0
PK PALM KERNEL,99800.0
Pembelian Crude Palm Oil CPO,99800.0
CRUDE PALM OIL,99810.0
PALM KERNEL PK,99810.0
CPO CRUDE PALM OIL,99830.0
CPO,99850.0
Palm Kernel,99860.0
Crude Palm Oil CPO,99890.0
CPO CRUDE PALM OIL,99910.0
PALM KERNEL,99930.0
PALM KERNEL,99940.0
PK PALM KERNEL,99940.0
CPO CRUDE PALM OIL,99950.0
CRUDE PALM OIL CPO,99960.0
Crude Palm Oil,100000.0
Inti Sawit  PK  ,100000.0
PALM KERNEL Kadar Air 8 max Kadar Kotoran 8 max,100000.0
PENJUALAN CPO 003CPOKSPSIPI2021,100000.0
PENJUALAN CPO 019CPOSRJIMTII2021,100000.0
PENJUALAN CPO 027CPOSRJIMTIV2021,100000.0
PENJUALAN CPO 071CPOSRJIMTX2021,100000.0
PENJUALAN CPO 081CPOSPJIMTVI2021,100000.0
PENJUALAN CPO 098CPOSRJTNXII2021,100000.0
PENJUALAN CPO 143CPOKSPSIPXII2021,100000.0
Penjualan CPO 001SRMCPOPKUI2021,100000.0
Penjualan CPO 018CPOPNNIIMTIII2021,100000.0
Penjualan CPO 022SRMCPOPKUI2021,100000.0
Penjualan CPO 024CPOPNNIIMTIII2021,100000.0
Penjualan CPO 029CPOPNNIIMTIII2021,100000.0
Penjualan CPO 032SRMCPOPKUII2021,100000.0
Penjualan CPO 053SRMCPOPKUIII2021,100000.0
Penjualan CPO 064SRMCPOPKUIII2021,100000.0
Penjualan CPO 078CPOPNNIIMTIX2021,100000.0
Penjualan CPO 078SRMCPOPKUIV2021,100000.0
Penjualan CPO 090SRMCPOPKUIV2021,100000.0
Penjualan CPO 112CPOPNNITNXII2021,100000.0
Penjualan CPO 143SRMCPOPKUVI2021,100000.0
Penjualan CPO 190SRMCPOPKUVIII2021,100000.0
Penjualan CPO 199SRMCPOPKUVIII2021,100000.0
Penjualan CPO 202SRMCPOPKUVIII2021,100000.0
Penjualan CPO 207SRMCPOPKUVIII2021,100000.0
Penjualan CPO 230SRMCPOPKUIX2021,100000.0
Penjualan CPO 235SRMCPOPKUIX2021,100000.0
Penjualan CPO 241SRMCPOPKUIX2021,100000.0
Penjualan CPO 261SRMCPOPKUX2021,100000.0
Penjualan CPO 266SRMCPOPKUX2021,100000.0
Penjualan CPO 271SRMCPOPKUX2021,100000.0
Penjualan CPO 281SRMCPOPKUX2021,100000.0
Penjualan CPO 297SRMCPOPKUX2021,100000.0
Penjualan CPO 318SRMCPOPKUXI2021,100000.0
Penjualan CPO 320SRMCPOPKUXI2021,100000.0
Penjualan CPO 330SRMCPOPKUXI2021,100000.0
PALM KERNEL PK,100010.0
PALM KERNEL PK,100030.0
PK PALM KERNEL,100030.0
Crude Palm Oil CPO,100060.0
PALM KERNEL,100100.0
Crude Palm Oil CPO,100150.0
Crude Palm Oil CPO,100250.0
Ongkos Angkut CPO,100250.0
Ongkos Angkut CPO,100320.0
PALM KERNEL,100420.0
Ongkos Angkut CPO,100840.0
Palm Kernel,101090.0
Palm Kernel,101130.0
Ongkos Angkut CPO,101260.0
PALM KERNEL,101720.0
PALM KERNEL,101840.0
PALM KERNEL,101900.0
CRUDE PALM OIL,101910.0
Palm Kernel Oil,102520.0
Ongkos angkut CPO,103100.0
TBS Periode 30 Oktober 2021,103376.7969
Ongkos Angkut TBS Div 1,103600.0
Ongkos Angkut CPO,105270.0
Palm Kernel,106510.0
Palm Kernel,106720.0
CRUDE PALM OIL,107300.0
Ongkos Angkut CPO,107330.0
Ongkos Angkut TBS DIV 1,109300.0
Ongkos Angkut CPO,109420.0
CPO Crude Palm Oil Kontrak 044CPOIMTLILX2021,109560.0
PENJUALAN CPO 136CPOKSPSIPXI2021,109720.0
Ongkos Angkut CPO,109840.0
CRUDE PALM OIL,110300.0
Ongkos Angkut CPO,110890.0
PALM KERNEL,111470.0
TBS Periode 0814 Desember 2021,111538.0
TBS PER 1630 APR 2021 TT 2010,111895.0
CRUDE PALM OIL,114030.0
CRUDE PALM OIL,114740.0
Crude Palm Oil,115050.0
Ongkos Angkut TBS DIV 4,115410.0
CRUDE PALM OIL,115620.0
Ongkos angkut CPO,115620.0
PK PALM KERNEL,115928.0
CRUDE PALM OIL,116670.0
PKPalm Kernel NoKontrak 074PMCPKIV2021,116750.0
Ongkos Angkut TBS DIV 5,117310.0
Ongkos Angkut TBS DIV 2,118730.0
PENJUALAN CPO 125CPOKSPTNX2021,119290.0
Palm Kernel,119520.0
PKPalm Kernel NoKontrak 109PMCPKVII2021,119810.0
PALM KERNEL,119968.0
CRUDE PALM OIL KONTRAK NO 267SJMSKJBCPOXII2021,120000.0
Crude Palm Oil  Pelunasan Surat Perjanjian JualBeli No0141POMKPRCPOIV2021 Tanggal 15 April 2021 PO No 9100075199,120000.0
Crude Palm Oil DP 95 Surat Perjanjian JualBeli No0085POMKPRCPOIII2021 Tanggal 04 Maret 2021 PO No 9100073713,120000.0
Crude Palm Oil DP 95 Surat Perjanjian JualBeli No0091POMKPRCPOIII2021 Tanggal 09 Maret 2021 PO No 9100073855,120000.0
Crude Palm Oil DP 95 Surat Perjanjian JualBeli No0108POMKPRCPOIII2021 Tanggal 23 Maret 2021 PO No 9100074372,120000.0
Crude Palm Oil DP 95 Surat Perjanjian JualBeli No0354POMKPRCPOIX2021 Tanggal 09 September 2021 PO No 9100080215,120000.0
Crude Palm Oil Pelunasan Surat Perjanjian JualBeli No0266POMKPRCPOVII2021 Tanggal 15 Juli 2021 PO No 9100078153,120000.0
Crude Palm Oil Pelunasan Surat Perjanjian JualBeli No0299POMKPRCPOVIII2021 Tanggal 05 Agustus 2021 PO No 9100078995,120000.0
Crude Palm Oil Pelunasan Surat Perjanjian JualBeli No0308POMKPRCPOVIII2021 Tanggal 12 Agustus 2021 PO No 9100079226,120000.0
Crude Palm Oil Pelunasan Surat Perjanjian JualBeli No0328POMKPRCPOVIII2021 Tanggal 24 Agustus 2021 PO No 9100079603,120000.0
Crude Palm Oil Pelunasan Surat Perjanjian JualBeli No0350POMKPRCPOIX2021 Tanggal 07 September 2021 PO No 9100080115,120000.0
Palm Kernel  Surat Perjanjian JualBeli No0054POMKPRPKII2021 Tanggal 10 Februari 2021 PO No 9100072945,120000.0
Palm Kernel DP 98 Surat Perjanjian JualBeli No0381POMKPRPKIX2021 Tanggal 29 September 2021 PO No 9100080927,120000.0
Palm Kernel DP 98 Surat Perjanjian JualBeli No0467POMKPRPKXII2021 Tanggal 01 Desember 2021 PO No 9100083389,120000.0
Palm Kernel DP 98 Surat Perjanjian JualBeli No0486POMKPRPKXII2021 Tanggal 15 Desember 2021 PO No 9100083971,120000.0
Palm Kernel Pelunasan Surat Perjanjian JualBeli No 0475POMKPRPKXII2021 Tanggal 08 Desember 2021 PO No 9100083702,120000.0
Palm Kernel Pelunasan Surat Perjanjian JualBeli No0083POMKPRPKIII2021 Tanggal 03 Maret 2021 PO No 9100073689,120000.0
PALM KERNEL,120320.0
CRUDE PALM OIL,120380.0
PKPalm Kernel NoKontrak 179PMCPKX2021,120460.0
PALM KERNEL,121560.0
Pembayaran Uang Muka CPOCrude Palm Oil NoKontrak 039PMCCPOIII2021,121820.0
TBS PERIODE 26  28 NOVEMBER 2021,122223.3984
PALM KERNEL ,122500.0
TBS PERIODE 01 SD 02 FEBRUARI 2021,123106.3984
Ongkos Angkut TBS DIV 1,123380.0
CRUDE PALM OIL,124550.0
TBS Periode 1319 Oktober 2021,124656.0
PALM KERNEL,125010.0
TBS Periode 03 sd 04 Juli 2021,125016.2969
CRUDE PALM OIL,125120.0
Ongkos Angkut TBS DIV 3,125320.0
CRUDE PALM OIL,125360.0
Crude Palm Oil,125430.0
TBS Periode 03 sd 05 Mei 2021,126387.0
Palm Kernel,126970.0
Ongkos Angkut TBS Div 6,128660.0
Ongkos Angkut CPO,129510.0
Transport CPO Via Sungai	 DO 1454CPO145421T255	 ,129550.0
Ongkos Angkut CPO,129800.0
Ongkos Angkut CPO,129860.0
Ongkos Angkut CPO,130190.0
TBS Periode 07 sd 08 Oktober 2021,131935.9063
Ongkos Angkut TBS Div 5,132460.0
Ongkos Angkut TBS DIV 2,133460.0
Palm Kernel Oil,134070.0
TBS Periode 12 sd 13 Juli 2021,134751.2969
Crude Palm Oil,135238.0
Crude Palm Oil,135680.0
Ongkos Angkut TBS DIV 2,137100.0
CPOCrude Palm Oil NoKontrak 058PMCCPOIV2021,138010.0
Ongkos Angkut TBS DIV 2,138070.0
Crude Palm Oil,140000.0
Ongkos Angkut TBS DIV 4,140330.0
CPO KONTRAK JUAL BELI NOC03MLAIMTI2021,142500.0
CPO KONTRAK JUAL BELI NOC03MLAIMTX2021,142500.0
Palm Kernel,143280.0
CRUDE PALM OIL,144070.0
Ongkos Angkut CPO,145580.0
CRUDE PALM OIL CPO,146210.0
Ongkos angkut CPO,146840.0
PENJUALAN CPO 042CPOKSPSIPIV2021,147000.0
PENJUALAN CPO 135CPOKSPTNXI2021,147000.0
Penyesuaian Ongkos Angkut CPO,147200.0
Penyesuaian Ongkos Angkut CPO,147810.0
PALM KERNEL,147918.0
Ongkos Angkut CPO,147990.0
CRUDE PALM OIL,148040.0
Ongkos Angkut CPO,148150.0
CPO Crude Palm Oil Kontrak 001CPOIMTLILI2021,148320.0
Ongkos Angkut CPO,148950.0
CRUDE PALM OIL,148970.0
CPO CRUDE PALM OIL,149670.0
CRUDE PALM OIL CPO,149680.0
PALM KERNEL,149780.0
PK  PALM KERNEL ,149810.0
PALM KERNEL PK,149840.0
Ongkos angkut CPO,149910.0
Ongkos angkut CPO,149980.0
CPO KONTRAK JUAL BELI NOC03MLAIMTVII2021,150000.0
PALM KERNEL ,150000.0
PALM KERNEL KONTRAK NO 038SJMSKJBPKV2021,150000.0
PENJUALAN CPO ,150000.0
PENJUALAN CPO 042CPOKSPSIPIV2021,150000.0
PENJUALAN CPO 085CPOKSPSIPVII2021,150000.0
PK  PALM KERNEL ,150000.0
Penjualan CPO 033CPOPNNIIMTIV2021,150000.0
Ongkos angkut CPO,150040.0
Ongkos Angkut CPO,150230.0
CRUDE PALM OIL,150335.0
Penyesuaian Ongkos Angkut CPO,150410.0
Ongkos Angkut CPO,150770.0
Pembayaran Uang Muka CPOCrude Palm Oil NoKontrak 183PMCCPOXI2021,150890.0
Transport CPO Via Sungai	 DO 1454CPO115521T025	 ,151820.0
Ongkos Angkut TBS Div 5,152190.0
FFA Premium 2350CPO225021C029,152550.0
Pembayaran Uang Muka CPOCrude Palm Oil NoKontrak 042PMCCPOIII2021,153000.0
CRUDE PALM OIL,153490.0
TBS Periode 2126 Oktober 2021,153968.0
Crude Palm Oil,154190.0
CRUDE PALM OIL,155210.0
Crude Palm Oil,156190.0
CPO CRUDE PALM OIL,157700.0
Ongkos Angkut CPO,159800.0
Ongkos Angkut CPO,159910.0
CRUDE PALM OIL CPO SESUAI KONTRAK NO SO00421021306202122152 DAN INVOICE NO INV00411021306202122137,160000.0
Ongkos Angkut CPO,160180.0
Ongkos Angkut CPO,160210.0
Ongkos Angkut TBS Div 1,160380.0
Ongkos Angkut CPO,160680.0
CRUDE PALM OIL,162290.0
Ongkos Angkut TBS DIV 2,162510.0
Tuslaag TBS Div 4,163680.0
PALM KERNEL,165000.0
Palm Kernel,168030.0
85 Uang Muka  Palm Kernel                                                                      Contract No GSBLPK00721,170000.0
PANJAR CRUDE PALM OIL KONTRAK NO 004SJMSKJBCPOI2021,171000.0
PANJAR CRUDE PALM OIL KONTRAK NO 126SJMSKJBCPOVI2021,171000.0
PANJAR CRUDE PALM OIL KONTRAK NO 149SJMSKJBCPOVII2021,171000.0
PANJAR CRUDE PALM OIL KONTRAK NO 257SJMSKJBCPOXI2021,171000.0
PANJAR PALM KERNEL KONTRAK NO 058SJMSKJBPKVII2021,171000.0
Ongkos Angkut TBS DIV 3,171200.0
CRUDE PALM OIL CPO SESUAI KONTRAK NO SO00421021306202122152 DAN INVOICE NO INV00411021307202122137,171340.0
PALM KERNEL,172120.0
TBS Periode 10 Mei 2021,172436.2969
CRUDE PALM OIL,174540.0
Crude Palm Oil ,176500.0
Ongkos Angkut TBS Div 3,177490.0
CPO Crude Palm Oil Kontrak 038CPOIMTLILX2021,177750.0
Palm Kernel,178390.0
Ongkos Angkut CPO,178500.0
Ongkos Angkut CPO,179410.0
CRUDE PALM OIL,179550.0
TBS Periode 28 sd 30 April 2021,179700.2969
Ongkos Angkut CPO,179830.0
CRUDE PALM OIL KONTRAK NO 106SJMSKJBCPOVI2021,180000.0
CRUDE PALM OIL KONTRAK NO 195SJMSKJBCPOVIII2021,180000.0
CRUDE PALM OIL KONTRAK NO 241SJMSKJBCPOX2021,180000.0
Palm Kernel,180060.0
Ongkos Angkut CPO,180250.0
Ongkos Angkut CPO,180360.0
Ongkos Angkut CPO,180370.0
CRUDE PALM OIL,180590.0
Palm Kernel,182640.0
Ongkos Angkut TBS DIV 2,183120.0
TBS Periode 02 sd 04 Mei 2021,184142.4063
CRUDE PALM OIL,184330.0
Ongkos Angkut TBS DIV 7,186060.0
PALM KERNEL,187060.0
Crude Palm Oil CPO,190000.0
Crude Palm Oil CPO 190000 Kg Kontrak 534CPOSMNIMTVI2021 PO 9100077159,190000.0
Crude Palm Oil CPO 190000 Kg Kontrak 569CPOSMNIMTX2021 PO 9100081142,190000.0
Crude Palm Oil CPO 190000 Kg Kontrak 601CPOSMNIMTXII2021 PO 9100083994,190000.0
Pembayaran Uang Muka CPOCrude Palm Oil NoKontrak 131PMCCPOVIII2021,190000.0
Pembayaran Uang Muka PKPalm Kernel NoKontrak 146PMCPKIX2021,190000.0
Pembayaran Uang Muka PKPalm Kernel NoKontrak 162PMCPKX2021,190000.0
Ongkos Angkut CPO,190400.0
ONGKOS ANGKUT CPO CRUDE PALM OIL DARI PKSBUMI SAWIT PERMAI KE BULKING BOOM BARU DO  2750CPO275021C005,191180.0
Crude Palm Oil,191540.0
ONGKOS ANGKUT CPO CRUDE PALM OIL DARI PKSPANGKALAN PANJI  MILL KE BULKING BOOM BARU DO  2450CPO245021C027,193420.0
ONGKOS ANGKUT CPO CRUDE PALM OIL DARI PKSBUMI SAWIT PERMAI KE BULKING BOOM BARU DO  2450CPO275021C001,193500.0
CRUDE PALM OIL,193600.0
CRUDE PALM OIL,193690.0
Tagihan Ongkos Angkut CPO Biaya Pengangkutan Crude Palm Oil CPO No Kontrak 045ANJTNCPO0621 Tanggal 25 Juni 2021,194420.0
Ongkos Angkut TBS DIV 3,194540.0
CRUDE PALM OIL,195640.0
CRUDE PALM OIL,195900.0
PANJAR PENJUALAN CPO 095CPOSRJTNXII2021,196000.0
PENJUALAN CPO 104CPOKSPSIPIX2021,196000.0
Panjar Penjualan CPO 027CPOPNNITNIII2021,196000.0
Panjar Penjualan CPO 063CPOPNNITNVIII2021,196000.0
Panjar Penjualan CPO 126SRMCPOPKUVI2021,196000.0
Panjar Penjualan CPO 179SRMCPOPKUVII2021,196000.0
Panjar Penjualan CPO 193SRMCPOPKUVIII2021,196000.0
Panjar Penjualan CPO 204SRMCPOPKUVIII2021,196000.0
Panjar Penjualan CPO 296SRMCPOPKUX2021,196000.0
Panjar Penjualan CPO 306SRMCPOPKUXI2021,196000.0
Panjar Penjualan CPO 328SRMCPOPKUXI2021,196000.0
CRUDE PALM OIL,196310.0
Crude Palm Oil,196320.0
CRUDE PALM OIL,196390.0
CRUDE PALM OIL,196460.0
Ongkos Angkut CPO,196650.0
CRUDE PALM OIL,197170.0
Ongkos Angkut CPO,197180.0
CRUDE PALM OIL,197310.0
Penyesuaian Ongkos Angkut CPO,197310.0
PALM KERNEL OIL,197460.0
Ongkos Angkut TBS Div 5,197580.0
Palm Kernel,197860.0
CRUDE PALM OIL,198559.0
Ongkos Angkut CPO,198920.0
Ongkos Angkut TBS Div 4,199260.0
Pelunasan 20 Penjualan CPO ,199470.0
Biaya Pengangkutan Crude Palm Oil CPO No DO 022DOANJIMTCPO1121,199630.0
Tagihan Ongkos Angkut CPO Biaya Pengangkutan Crude Palm Oil CPO No Kontrak 036ANJTNCPO0521 Tanggal 02 Juni 2021,199740.0
PALM KERNEL,199787.0
Ongkos angkut CPO,199790.0
CRUDE PALM OIL CPO,199800.0
Palm Kernel,199830.0
Tagihan Ongkos Angkut CPO Biaya Pengangkutan Crude Palm Oil CPO No Kontrak 036ANJIMTCPO1120 Tanggal 10 Nopember 2020,199850.0
CRUDE PALM OIL,199910.0
Ongkos angkut CPO,199970.0
CPOCrude Palm Oil Kontrak No028PSJCCPOII2021,200000.0
CRUDE PALM OIL KONTRAK NO 074SJMSKJBCPOIV2021,200000.0
INTI KELAPA SAWIT,200000.0
JASA ANGKUT CRUDE PALM OIL,200000.0
PALM KERNEL RSPO MB,200000.0
PENJUALAN CPO 028CPOSRJTNIV2021,200000.0
PENJUALAN CPO 052CPOSRJTNVIII2021,200000.0
PENJUALAN CPO 058CPOSRJTNIX2021,200000.0
PKPalm Kernel NoKontrak 007PMCPKI2021,200000.0
PKPalm Kernel NoKontrak 147PMCPKIX2021,200000.0
PKPalm Kernel NoKontrak 155PMCPKX2021,200000.0
Palm Kernel,200000.0
Penjualan CPO 089CPOPNNIIMTX2021,200000.0
Penjualan CPO 102SRMCPOPKUIV2021,200000.0
Penjualan CPO 125SRMCPOPKUV2021,200000.0
Penjualan CPO 153SRMCPOPKUVII2021,200000.0
Penjualan CPO 302SRMCPOPKUXI2021,200000.0
Uang Muka 80 Penjualan CPO ,200000.0
CRUDE PALM OIL,200002.0
Tagihan Ongkos Angkut CPO Biaya Pengangkutan Crude Palm Oil CPO No Kontrak 012ANJIMTCPO0421 Tanggal 03 Mei 2021,200060.0
Palm Kernel,200110.0
Crude Palm Oil,201960.0
CRUDE PALM OIL,202360.0
Tagihan Ongkos Angkut CPO Biaya Pengangkutan Crude Palm Oil CPO No Kontrak 016ANJIMTCPO0621 Tanggal 05 Juli 2021,202670.0
Palm Kernel,203280.0
Crude Palm Oil,203520.0
Ongkos Angkut TBS DIV 1,205320.0
PALM KERNEL,209600.0
Ongkos Angkut TBS DIV 7,212460.0
Tuslaag TBS Div 4,217040.0
Palm Kernel,220700.0
Ongkos Angkut TBS DIV 3,221100.0
TBS PERIODE 03 SD 04 FEBRUARI 2021,222646.7031
Crude Palm Oil,224040.0
CRUDE PALM OIL,225370.0
Crude Palm Oil,225848.0
PANJAR CRUDE PALM OIL KONTRAK NO 097SJMSKJBCPOV2021,228000.0
PANJAR CRUDE PALM OIL KONTRAK NO 160SJMSKJBCPOVII2021,228000.0
PANJAR CRUDE PALM OIL KONTRAK NO 162SJMSKJBCPOVII2021,228000.0
PANJAR CRUDE PALM OIL KONTRAK NO 176SJMSKJBCPOVIII2021,228000.0
PANJAR CRUDE PALM OIL KONTRAK NO 203SJMSKJBCPOIX2021,228000.0
PANJAR CRUDE PALM OIL KONTRAK NO 213SJMSKJBCPOIX2021,228000.0
Ongkos Angkut CPO,231630.0
PALM KERNEL,232540.0
CRUDE PALM OIL,232770.0
Ongkos Angkut TBS DIV 5,233300.0
Ongkos Angkut TBS DIV 3,234690.0
PALM KERNEL OIL,235750.0
TBS PERIODE 16 JANUARI 2021,236698.7031
CPO KONTRAK JUAL BELI NOC02MLAIMTXII2021,237500.0
CPO KONTRAK JUAL BELI NOC03MLAIMTII2021,237500.0
CRUDE PALM OIL,238000.0
CRUDE PALM OIL,239000.0
Ongkos Angkut TBS DIV 3,239660.0
CRUDE PALM OIL KONTRAK NO 236SJMSKJBCPOXII2020,240000.0
CRUDE PALM OIL KOTRAK NO 207SJMSKJBCPOIX2021,240000.0
PALM KERNEL,240000.0
PANJAR PENJUALAN CPO 079CPOSRJTNX2021,241710.0
CRUDE PALM OIL,241910.0
Crude Palm Oil,243750.0
Crude Palm Oil,244200.0
CPO,245000.0
CRUDE PALM OIL,245000.0
Ongkos Angkut CPO,245430.0
JASA ANGKUT CPO DARI PABRIK MEGANUSA INTISAWIT  PKS BUMIPALMA KE BULKING RENGAT,245560.0
Ongkos Angkut CPO,245920.0
CRUDE PALM OIL,246190.0
Crude Palm Oil,246740.0
Ongkos Angkut CPO,246740.0
Ongkos Angkut TBS DIV 2,247140.0
Crude Palm Oil,247880.0
CPO,247920.0
Palm Kernel Oil,248750.0
CRUDE PALM OIL,248830.0
CRUDE PALM OIL CPO,248960.0
TBS PERIODE 10 SD 14 FEBRUARI 2021,248990.4063
Crude Palm Oil,249050.0
Crude Palm Oil,249230.0
JASA ANGKUT CPO DARI PABRIK MEGANUSA INTISAWIT PKS BUMIPALMA KE BULKING RENGAT,249250.0
Crude Palm Oil,249480.0
Ongkos angkut CPO,249520.0
CRUDE PALM OIL,249640.0
Claim Mutu Premium CPO,249710.0
Ongkos angkut CPO,249850.0
Crude Palm Oil,249960.0
CRUDE PALM OIL,250000.0
Crude Palm Oil,250000.0
PENJUALAN 250000 KG CPO,250000.0
UANG MUKA CRUDE PALM OIL,250000.0
Uang Muka CPO 90 atas SPJB No  037MMALCBUCPOV2021,250000.0
Ongkos angkut CPO,250150.0
Crude Palm Oil,250247.0
Crude Palm Oil,250260.0
CRUDE PALM OIL,250410.0
Crude Palm Oil,250454.0
Crude Palm Oil,250500.0
CPO,253380.0
Claim Mutu Premium CPO,256010.0
Tuslaag TBS Div 1,260860.0
Claim Mutu Premium CPO,264500.0
Crude Palm Oil,268850.0
CRUDE PALM OIL,269880.0
PALM KERNEL,270880.0
CRUDE PALM OIL,272050.0
Ongkos Angkut TBS DIV 2,273750.0
Claim Mutu Premium CPO,276230.0
CRUDE PALM OIL,276300.0
Palm Kernel,279780.0
CRUDE PALM OIL,282260.0
CPO ,285000.0
CPO KONTRAK JUAL BELI NOC02MLAIMTIX2021,285000.0
CRUDE PALM OIL,285000.0
Crude Palm Oil CPO 285000 Kg Kontrak 603CPOSMNIMTXII2021 PO 9100084101,285000.0
PANJAR CRUDE PALM OIL KONTRAK NO 112SJMSKJBCPOVI2021,285000.0
PANJAR CRUDE PALM OIL KONTRAK NO 171SJMSKJBCPOVIII2021,285000.0
Crude Palm Oil,287600.0
CRUDE PALM OIL,290130.0
TBS PERIODE 07 MARET 2021,290804.6875
ONGKOS ANGKUT CPO CRUDE PALM OIL DARI PKSPANGKALAN PANJI  MILL KE BULKING BOOM BARU DO  2450CPO245021C045,291170.0
ONGKOS ANGKUT CPO CRUDE PALM OIL DARI PKSMUARA KANDIS MILL KE BULKING BOOM BARU DO  2850CPO285021C051,292240.0
Tagihan Ongkos Angkut CPO Biaya Pengangkutan Crude Palm Oil CPO No Kontrak 079ANJTNCPOI120 Tanggal 19 Nopember 2020,292640.0
Crude Palm Oil,292766.0
CRUDE PALM OIL,293260.0
Ongkos Angkut TBS DIV 3,293640.0
PANJAR PENJUALAN CPO 056CPOSRJTNVIII2021,294000.0
Panjar Penjualan CPO 278SRMCPOPKUX2021,294000.0
PALM KERNEL,294670.0
Ongkos Angkut CPO,295200.0
CRUDE PALM OIL,295370.0
Palm Kernel,296740.0
CRUDE PALM OIL,296800.0
Ongkos Angkut CPO,297030.0
Ongkos Angkut CPO,297320.0
Crude Palm Oil,297340.0
PALM KERNEL,298148.0
Palm Kernel,298280.0
Crude Palm Oil,298340.0
CRUDE PALM OIL,298920.0
Tuslaag CPO,299070.0
Crude Palm Oil,299120.0
Crude Palm Oil CPO,299140.0
Crude Palm Oil CPO,299160.0
PALM KERNEL,299410.0
Crude Palm Oil CPO,299420.0
Tagihan Ongkos Angkut CPO Biaya Pengangkutan Crude Palm Oil CPO No Kontrak 013ANJTNCPO0321 Tanggal 26 Maret 2021,299480.0
Ongkos Angkut TBS DIV 3,299510.0
Crude Palm Oil,299540.0
Crude Palm Oil CPO,299540.0
PELUNASAN PALM KERNEL,299540.0
Crude Palm Oil,299620.0
Biaya Pengangkutan Crude Palm Oil CPO No DO 073DOANJTNCPO0921,299630.0
Crude Palm Oil CPO,299760.0
Ongkos Angkut CPO,299760.0
Palm Kernel,299810.0
Crude Palm Oil,299830.0
Crude Palm Oil,299930.0
PALM KERNEL,299979.0
CPOCRUDE PALM OIL,300000.0
CRUDE PALM OIL,300000.0
CRUDE PALM OIL KONTRAK NO 044SJMSKJBCPOIII2021,300000.0
CRUDE PALM OIL KONTRAK NO 215SJMSKJBCPOIX2021,300000.0
Crude Palm Oil CPO HS Code  15111000,300000.0
MINYAK KELAPA SAWIT HS CODE  15111000,300000.0
PALM KERNEL  RSPO MB,300000.0
PELUNASAN PALM KERNEL,300000.0
PENJUALAN CPO 054CPOKSPSIPV2021,300000.0
Penjualan Palm Kernel Sesuai NoKontrak  03GLPPKI2021 KPPO  9100071971 Qty  300 Ton,300000.0
UANG MUKA CPO,300000.0
Ongkos Angkut CPO,300040.0
Biaya Pengangkutan Crude Palm Oil CPO No DO 087DOANJTNCPO1021,300060.0
Freight Palm Kernel Inti Sawit Dari Ketapang Ke Lampung Via KM Mellinda Sebanyak,300060.0
Transport CPO Via Sungai	 DO 1454CPO145421T152	 ,300140.0
PALM KERNEL,300150.0
Ongkos Angkut CPO,300180.0
CRUDE PALM OIL,300680.0
Ongkos Angkut CPO,300700.0
Transport CPO Via Sungai	 DO 1454CPO145421T256	 ,300750.0
Crude Palm Oil,300820.0
JASA ANGKUT CPO DARI PABRIK MEGANUSA INTISAWIT  PKS BUMIPALMA KE BULKING RENGAT,301000.0
CRUDE PALM OIL,301030.0
Ongkos Angkut CPO,301030.0
Palm Kernel,301080.0
Ongkos Angkut CPO,301430.0
Tagihan Ongkos Angkut CPO Biaya Pengangkutan Crude Palm Oil CPO No Kontrak 076ANJTNCPO1120 Tanggal 01 Desember 2020,301460.0
JASA ANGKUT CPO DARI PABRIK BUMIPALMA LESTARIPERSADA KE BULKING RENGAT,301520.0
CRUDE PALM OIL,301860.0
PALM KERNEL,302180.0
Crude Palm Oil,302280.0
CPO ,302390.0
Tagihan Ongkos Angkut CPO Biaya Pengangkutan Crude Palm Oil CPO No Kontrak 057ANJTNCPO0821 Tanggal 03 Agustus 2021,302390.0
CRUDE PALM OIL,302460.0
Tagihan Ongkos Angkut CPO Biaya Pengangkutan Crude Palm Oil CPO No Kontrak 074ANJTNCPO1120 Tanggal 19 Nopember 2020,302510.0
CRUDE PALM OIL,302850.0
CRUDE PALM OIL,302920.0
Tagihan Ongkos Angkut CPO Biaya Pengangkutan Crude Palm Oil CPO No Kontrak 058ANJTNCPO0821 Tanggal 05 Agustus 2021,303250.0
CPO ,303370.0
Crude Palm Oil,303740.0
Tagihan Ongkos Angkut CPO Biaya Pengangkutan Crude Palm Oil CPO No Kontrak 088ANJTNCPO1220 Tanggal 04 Januari 2021,303810.0
FFA Premium 2350CPO225021C044,304100.0
Palm Kernel,304210.0
CRUDE PALM OIL,304330.0
ONGKOS ANGKUT CPO CRUDE PALM OIL DARI PKSPANGKALAN PANJI  MILL KE BULKING BOOM BARU DO  2450CPO245021C002,304330.0
JASA ANGKUT CPO DARI PABRIK MEGANUSA INTISAWIT KE PKS BUMIPALMA KE BULKING RENGAT,304600.0
CRUDE PALM OIL,304920.0
Palm Kernel,305200.0
ONGKOS ANGKUT CPO CRUDE PALM OIL DARI PKSMUARA KANDIS MILL KE BULKING BOOM BARU DO  2850CPO285021C026,305270.0
Ongkos Angkut TBS DIV 1,305360.0
Crude Palm Oil,305460.0
Tagihan Ongkos Angkut CPO Biaya Pengangkutan Crude Palm Oil CPO No Kontrak 026ANJTNCPO0421 Tanggal 26 April 2021,305490.0
CRUDE PALM OIL,305965.0
JASA ANGKUT CPO DARI PABRIK MEGANUSA INTISAWIT  PKS BUMIPALMA KE BULKING RENGAT,306020.0
PALM KERNEL,306640.0
CRUDE PALM OIL,308160.0
CRUDE PALM OIL,308390.0
Ongkos Angkut TBS DIV 5,309520.0
CRUDE PALM OIL,309790.0
Ongkos Angkut CPO,310610.0
CRUDE PALM OIL,316220.0
Ongkos Angkut TBS DIV 3,317860.0
Ongkos Angkut TBS Div 5,318870.0
PALM KERNEL,319280.0
CRUDE PALM OIL,320000.0
Palm Kernel,320000.0
UANG MUKA CRUDE PALM OIL CPO SESUAI KONTRAK NO SO00821021307202122152 DAN INVOICE NO IDP00811021307202122137 ,320000.0
Ongkos Angkut CPO,323910.0
TBS Periode 09 sd 11 Juli 2021,324945.5938
PALM KERNEL,326830.0
Ongkos Angkut CPO,329580.0
Ongkos Angkut CPO,330760.0
Ongkos Angkut CPO,331700.0
Ongkos Angkut TBS DIV 5,333820.0
TBS PERIODE 10 FEBRUARI 2021,335999.5938
TBS PERIODE 11 MARET 2021,336028.5938
Claim Mutu Premium CPO,337470.0
Crude Palm Oil,338030.0
JASA ANGKUT CPO DARI PABRIK BUMIPALMA LESTARAIPERSADA KE BULKING RENGAT,342440.0
UANG MUKA ATAS CPO,343000.0
Ongkos Angkut CPO,344260.0
Ongkos Angkut CPO,344990.0
CRUDE PALM OIL,346070.0
Ongkos Angkut CPO,346150.0
CRUDE PALM OIL,346520.0
Crude Palm Oil,346700.0
CRUDE PALM OIL,346780.0
Crude Palm Oil,346850.0
Ongkos Angkut TBS DIV 3,347710.0
Ongkos Angkut TBS DIV 1,347880.0
Ongkos Angkut CPO,347930.0
Crude Palm Oil,348250.0
Crude Palm Oil,348910.0
CRUDE PALM OIL,349800.0
Ongkos Angkut CPO,349860.0
CPOCRUDE PALM OIL,350000.0
MINYAK KELAPA SAWIT,350000.0
CRUDE PALM OIL,350100.0
Ongkos Angkut CPO,350190.0
CRUDE PALM OIL,350220.0
PALM KERNEL,350250.0
Ongkos Angkut CPO,350490.0
Transport CPO Via Sungai	 DO 1454CPO145421T172	 ,350640.0
PALM KERNEL,358935.0
Panjar Penjualan CPO,360000.0
Ongkos Angkut CPO,363330.0
Ongkos Angkut CPO,364090.0
Ongkos Angkut CPO,365050.0
Ongkos Angkut TBS DIV 1,365830.0
Ongkos Angkut TBS DIV 1,369580.0
Ongkos Angkut CPO,369670.0
Ongkos Angkut TBS DIV 3,373350.0
CRUDE PALM OIL,373970.0
Palm Kernel,375000.0
PALM KERNEL,375030.0
CRUDE PALM OIL,375410.0
Ongkos Angkut TBS DIV 2,377980.0
Ongkos Angkut TBS DIV 2,383440.0
Palm Kernel,385985.0
TBS PERIODE 21 APRIL 2021,387781.0938
Crude Palm Oil,389680.0
CRUDE PALM OIL,393260.0
Ongkos Angkut CPO,393320.0
Crude Palm Oil,394360.0
Crude Palm Oil,397150.0
ONGKOS ANGKUT CPO CRUDE PALM OIL DARI PKSPANGKALAN PANJI  MILL KE BULKING BOOM BARU DO  2450CPO245021C024,398010.0
Crude Palm Oil CPO HS Code  15111000,398313.0
Ongkos Angkut TBS DIV 4,398330.0
Ongkos Angkut CPO,398410.0
Ongkos Angkut CPO,398440.0
Crude Palm Oil,398640.0
Crude Palm Oil,398710.0
CRUDE PALM OIL,399140.0
Ongkos Angkut CPO,399250.0
Crude Palm Oil CPO,399430.0
CRUDE PALM OIL,399510.0
FFA Premium 2250CPO225021C046,399930.0
Crude Palm Oil ,399980.0
CPO,400000.0
Crude Palm Oil,400000.0
PALM KERNEL RSPO MB,400000.0
Palm Kernel,400000.0
Palm Kernel Oil,400000.0
Uang Muka CPO 80,400000.0
Uang Muka CPO 90 atas SPJB No  099MMALCBUCPOXI2021,400000.0
ONGKOS ANGKUT CPO CRUDE PALM OIL DARI PKSMUARA KANDIS MILL KE BULKING BOOM BARU DO  2850CPO285021C058,400070.0
Penyesuaian Ongkos Angkut CPO,400580.0
CRUDE PALM OIL,400710.0
PALM KERNEL,401457.0
CRUDE PALM OIL,401901.0
CRUDE PALM OIL,402050.0
Crude Palm Oil,402110.0
Palm Kernel Oil,402650.0
PALM KERNEL,403620.0
Crude Palm Oil,403980.0
Crude Palm Oil,404310.0
Crude Palm Oil,405540.0
Ongkos Angkut CPO,406720.0
Ongkos Angkut TBS Div 1,407660.0
CRUDE PALM OIL,410000.0
PALM KERNEL,414439.0
Claim Mutu Premium CPO,414440.0
Ongkos Angkut CPO,419050.0
Ongkos Angkut TBS DIV 5,419790.0
Crude Palm Oil,441052.0
Ongkos Angkut TBS Div 4,442560.0
CRUDE PALM OIL,444950.0
CRUDE PALM OIL,445180.0
Penyesuaian Ongkos Angkut CPO,445350.0
Ongkos Angkut TBS DIV 4,445970.0
Down Payment 90  atas penjualan Crude Palm Oil CPO dari total kontrak 500000 Kg,450000.0
PENJUALAN CPO 112CPOKSPTNIX2021,450000.0
Transport CPO Via Sungai	 DO 1454CPO145421T007	 ,450600.0
Ongkos Angkut CPO,451870.0
CRUDE PALM OIL,454410.0
Ongkos Angkut CPO,455370.0
TBS PERIODE 1415 APRIL 2021,456533.5938
CRUDE PALM OIL,460000.0
TBS PERIODE 12 MARET 2021,465476.0938
Ongkos Angkut TBS Div 3,470870.0
CRUDE PALM OIL,471030.0
PALM KERNEL,475000.0
CRUDE PALM OIL,479610.0
CRUDE PALM OIL,480160.0
Palm Kernel Oil,483170.0
Ongkos Angkut CPO,489550.0
UANG MUKA ATAS CPO,490000.0
JASA ANGKUT CPO DARI PABRIK BUMIPALMA LESTARIPERSADA KE BULKING RENGAT,491230.0
JASA ANGKUT CPO DARI PABRIK MEGANUSA INTISAWIT KE BULKING RENGAT,492240.0
Ongkos Angkut CPO,492460.0
CRUDE PALM OIL,492870.0
Ongkos Angkut CPO,493100.0
Ongkos Angkut TBS DIV 2,493270.0
Ongkos Angkut CPO,494870.0
Crude Palm Oil,495760.0
ONGKOS ANGKUT CPO CRUDE PALM OIL DARI PKSMUARA KANDIS MILL KE BULKING BOOM BARU DO  2850CPO285021C041,496270.0
Crude Palm Oil,496734.0
ONGKOS ANGKUT CPO CRUDE PALM OIL DARI PKSPANGKALAN PANJI  MILL KE BULKING BOOM BARU DO  2450CPO245021C033,496790.0
CRUDE PALM OIL,496930.0
CRUDE PALM OIL,497080.0
Crude Palm Oil,497670.0
ONGKOS ANGKUT CPO CRUDE PALM OIL DARI PKSPANGKALAN PANJI  MILL KE BULKING BOOM BARU DO  2450CPO245021C041,497970.0
Pelunasan 20 Crude Palm Oil Kontrak No PAJTNCPO047IV2021  PO 9100075433,498170.0
Crude Palm Oil,498220.0
Crude Palm Oil,498260.0
Penyesuaian Ongkos Angkut CPO,498290.0
ONGKOS ANGKUT CPO CRUDE PALM OIL DARI PKSMUARA KANDIS MILL KE BULKING BOOM BARU DO  2451CPO285021C014,498520.0
Crude Palm Oil,498820.0
Crude Palm Oil,498900.0
Crude Palm Oil,498990.0
Crude Palm Oil,499030.0
CRUDE PALM OIL,499090.0
Crude Palm Oil,499100.0
PALM KERNEL,499116.0
Crude Palm Oil,499140.0
ONGKOS ANGKUT CPO CRUDE PALM OIL DARI PKSMUARA KANDIS MILL KE BULKING BOOM BARU DO  2451CPO285021C010,499410.0
CRUDE PALM OIL,499500.0
Crude Palm Oil,499500.0
Crude Palm Oil,499580.0
PALM KERNEL,499591.0
Palm Kernel,499680.0
PALM KERNEL,499747.0
Pelunasan CPO Crude Palm Oil Kontrak No 0054SMKTNGCPOII2021,499760.0
Crude Palm Oil,499970.0
Crude Palm Oil,499986.0
ANGKUTAN CRUDE PALM OIL  CPO ,500000.0
CPO,500000.0
Crude Palm Oil CPO,500000.0
PALM KERNEL OIL MINYAK INTI SAWIT,500000.0
Pelunasan 20 atas SPJB No  048MMALCBUCPOXII2020,500000.0
Pelunasan CPO 10 atas SPJB No  085MMALCBUCPOX2021,500000.0
Penjualan CPO Sesuai NoKontrak  11GLPCPOII2021 KPPO  9100073151 Qty  500 Ton,500000.0
Uang Muka CPO 90 atas SPJB No  046MMALCBUCPOV2021,500000.0
Uang Muka CPO 90 atas SPJB No  069MMALCBUCPOVIII2021,500000.0
Uang Muka Crude Palm Oil CPO Kontrak No 0054SMKTNGCPOII2021,500000.0
Crude Palm Oil,500030.0
Palm Kernel,500050.0
ONGKOS ANGKUTAN LAUT KAPAL KM SUMBER REJEKI 88 MUAT INTI SAWIT DARI KETAPANG KE LAMPUNG,500200.0
Crude Palm Oil,500420.0
Biaya Angkut CPO,500459.0
Ongkos Angkut CPO,500730.0
PALM KERNEL,500758.0
PALM KERNEL,500902.0
PALM KERNEL,500928.0
PELUNASAN PALM KERNEL,501210.0
Crude Palm Oil,501216.0
Crude Palm Oil,501850.0
JASA ANGKUT CPO DARI PABRIK MEGANUSA INTISAWIT KE BULKING RENGAT,502280.0
ONGKOS ANGKUT CPO CRUDE PALM OIL DARI PKSMUARA KANDIS MILL KE BULKING BOOM BARU DO  2850CPO285021C046,502720.0
CRUDE PALM OIL,503060.0
ONGKOS ANGKUT CPO CRUDE PALM OIL DARI PKSBUMI SAWIT PERMAI KE BULKING BOOM BARU DO  2750CPO275021C043,503240.0
Palm Kernel Oil,503860.0
Palm Kernel Oil,505200.0
Ongkos Angkut TBS Div 4,505700.0
Pelunasan 20 Crude Palm Oil Kontrak No PAJTNCPO005I2021  PO 9100071922,508920.0
Ongkos Angkut TBS Div 3,516090.0
Ongkos Angkut CPO,516870.0
PALM KERNEL,519120.0
Ongkos Angkut CPO,519360.0
CRUDE PALM OIL,520000.0
Ongkos Angkut TBS DIV 1,539030.0
Ongkos Angkut TBS Div 1,542380.0
CRUDE PALM OIL,550000.0
Ongkos Angkut TBS Div 4,551650.0
Ongkos Angkut TBS DIV 5,557870.0
CRUDE PALM OIL,560000.0
Ongkos Angkut TBS DIV 3,561670.0
TBS PERIODE 15 OKTOBER 2021,563293.0
Ongkos Angkut TBS DIV 1,569850.0
Ongkos Angkut TBS DIV 4,573000.0
TBS PERIODE 22 DESEMBER 2021,573593.625
CRUDE PALM OIL,580000.0
Ongkos Angkut TBS Div 2,593150.0
Crude Palm Oil,595980.0
Tuslaag CPO,596330.0
Ongkos Angkut CPO,597060.0
Crude Palm Oil,597260.0
ONGKOS ANGKUT CPO CRUDE PALM OIL DARI PKSBUMI SAWIT PERMAI KE BULKING BOOM BARU DO  2750CPO275021C007,598160.0
Crude Palm Oil,598170.0
CRUDE PALM OIL,599110.0
JASA ANGKUT CPO DARI PABRIK MEGANUSA INTISAWIT KE BULKING RENGAT,599150.0
PALM KERNEL,599170.0
CRUDE PALM OIL,599240.0
Ongkos Angkut CPO,599620.0
CRUDE PALM OIL  012RSILCPOIII2021,600000.0
JASA ANGKUT CPO,600000.0
PALM KERNEL RSPOMB,600000.0
Pelunasan CPO 10 atas SPJB No  078MMALCBUCPOIX2021,600000.0
Uang Muka CPO 90 atas SPJB No  074MMALCBUCPOVIII2021,600000.0
Uang Muka CPO 90 atas SPJB No  076MMALCBUCPOIX2021,600000.0
JASA ANGKUT CPO DARI PABRIK MEGANUSA INTISAWIT KE BULKING RENGAT,600690.0
JASA ANGKUT CPO DARI PABRIK MEGANUSA INTISAWIT KE BULKING RENGAT,601520.0
Biaya Angkut CPO dari Pulang Pisau tujuan Kumai dengan TB Senggora Escort TK Senggora Crystal,604022.0
Crude Palm Oil,606659.0
ONGKOS ANGKUT CPO CRUDE PALM OIL DARI PKSPANGKALAN PANJI  MILL KE BULKING BOOM BARU DO  2450CPO245021C019,609340.0
CRUDE PALM OIL,610000.0
Crude Palm Oil,611910.0
Ongkos Angkut CPO,618180.0
Ongkos Angkut TBS DIV 3,639650.0
Crude Palm Oil,646260.0
PALM KERNEL,650000.0
CRUDE PALM OIL,650250.0
Crude Palm Oil,650530.0
Freight Palm Kernel Inti Sawit Dari Ketapang Ke Lampung Via KM Mellisa Sebanyak,650640.0
Ongkos Angkut TBS Div 2,664330.0
Ongkos Angkut TBS Div 4,670490.0
Ongkos Angkut TBS Div 3,679270.0
TBS PERIODE 21 DESEMBER 2021,686895.1875
Ongkos Angkut TBS DIV 5,688070.0
Ongkos Angkut TBS Div 1,688990.0
Ongkos Angkut TBS Div 4,692550.0
Ongkos Angkut TBS Div 4,695950.0
Ongkos Angkut TBS Div 4,698410.0
CRUDE PALM OIL,700153.0
 FREIGHT ANGKUTAN CPO DARI SANGKULIRANG TUJUAN TARJUN MENGGUNAKAN TB MITRA KENCANA IV  TK SUMBER KENCANA VI      PO NO  91000 78170  ,700509.0
Ongkos Angkut TBS DIV 4,701600.0
JASA ANGKUT CPO DARI PABRIK MEGANUSA INTISAWIT KE BULKING RENGAT,708200.0
CRUDE PALM OIL,708250.0
Claim Mutu Premium CPO,723690.0
Tuslaag  No Kontrak  1451  CPO  1451  21  T020,742010.0
Crude Palm Oil,747430.0
Crude Palm Oil,747880.0
Crude Palm Oil,749200.0
Crude Palm Oil,749360.0
Penyesuaian Ongkos Angkut CPO,749650.0
CRUDE PALM OIL,749950.0
Pelunasan 50 angkutan CPO dari Talang Duku Jambi ke Belawan via TB Jangilus LautTK SM Masterpiece 318 sebanyak ,750000.0
Penyesuaian Ongkos Angkut CPO,752150.0
Crude Palm Oil,754870.0
Ongkos Angkut TBS DIV 4,755380.0
TBS PERIODE 10  MEI 2021,780768.375
Ongkos Angkut TBS DIV 3,793970.0
PALM KERNEL,797310.0
FFA Premium 2250CPO225021C050,797930.0
Ongkos Angkut TBS DIV 3,798470.0
Ongkos Angkut CPO,798790.0
Crude Palm Oil CPO HS Code  15111000,799002.0
Jasa Angkut CPO No Kontrak  1451  CPO  1451  21  T016,799220.0
Ongkos Angkut TBS DIV 2,799670.0
Ongkos Angkut CPO,799930.0
Crude Palm Oil,800000.0
Crude Palm Oil,800630.0
Crude Palm Oil,801072.0
CRUDE PALM OIL,801264.0
CRUDE PALM OIL,805580.0
ONGKOS ANGKUTAN LAUT KAPAL KM ANUGRAH SAMUDRA I MUAT INTI SAWIT DARI PALARANSAMARINDA KE LAMPUNG,806700.0
Ongkos Angkut TBS DIV 4,807680.0
Penyesuaian Ongkos Angkut CPO,811340.0
CRUDE PALM OIL,812070.0
BIAYA PENGOLAHAN PALM PRODUCT,816666.0
TBS PERIODE 2627 APRIL 2021,846081.625
Ongkos Angkut TBS DIV 4,849740.0
Crude Palm Oil,850000.0
Ongkos Angkut TBS DIV 2,883260.0
Tuslaag TBS Div 3,889160.0
Ongkos Angkut TBS Div 2,890320.0
Crude Palm Oil,898610.0
TBS PERIODE 25 OKTOBER 2021,902403.875
Ongkos Angkut CPO,905700.0
JASA ANGKUT CPO DARI PABRIK MEGANUSA INTISAWIT KE BULKING RENGAT,914300.0
TBS PERIODE 0809 FEBRUARI 2021,928205.625
Ongkos Angkut TBS Div 6,938320.0
Ongkos Angkut CPO DO Nomor  1451CPO145121T018,945160.0
MINYAK KELAPA SAWIT HS CODE  15111000,960000.0
CRUDE PALM OIL,975560.0
Ongkos Angkut TBS Div 3,977940.0
Local Sales Crude Palm Oil Curah ,987470.0
ONGKOS ANGKUT CPO CRUDE PALM OIL DARI PKSMUARA KANDIS MILL KE BULKING BOOM BARU DO  2850CPO285020C094,988210.0
Tuslaag TBS Div 3,989690.0
Ongkos Angkut CPO,995910.0
Ongkos Angkut CPO,996620.0
Ongkos Angkut TBS Div 3,997150.0
CRUDE PALM OIL  MINYAK SAWIT ,997171.0
ONGKOS ANGKUT CPO CRUDE PALM OIL DARI PKSMUARA KANDIS MILL KE BULKING BOOM BARU DO  2850CPO285020C095,998670.0
CPO MINYAK SAWIT,1000000.0
CRUDE PALM OIL  028RSILCPOXI2021,1000000.0
CRUDE PALM OIL  046LSMLCPOVI2021,1000000.0
CRUDE PALM OIL SESUAI KONTRAK PERJANJIAN JUAL BELI 0056SCHOJKTRWKMIV2021,1000000.0
CRUDE PALM OIL SESUAI KONTRAK PERJANJIAN JUAL BELI 0057SCHOJKTRWKMIV2021,1000000.0
CRUDE PALM OIL SESUAI KONTRAK PERJANJIAN JUAL BELI 0118SCHOJKTRWKMVIII2021,1000000.0
Pembayaran CPO Atas Kontrak Jual Beli No  034SMLCBUCPOX2021,1000000.0
Ongkos Angkut CPO,1001020.0
CRUDE PALM OIL SESUAI KONTRAK PERJANJIAN JUAL BELI 0063SCHOJKTRWKMV2021 PERIODE  0104 Juli 2021,1001382.0
RBD PALM KERNEL STEARINE MB,1003253.0
CRUDE PALM OIL SESUAI KONTRAK PERJANJIAN JUAL BELI 0056SCHOJKTRWKMIV2021 PERIODE  2125 Mei 2021,1003653.0
CRUDE PALM OIL,1006610.0
Crude Palm Oil,1006820.0
Tuslaag CPO,1007710.0
JASA ANGKUT CPO DARI PABRIK MEGANUSA INTISAWIT KE BULKING RENGAT,1010370.0
Ongkos Angkut TBS Div 1,1014540.0
CRUDE PALM OIL,1016070.0
Ongkos Angkut TBS DIV 4,1016160.0
Crude Palm Oil,1016340.0
Tuslaag TBS Div 1,1025830.0
Ongkos Angkut TBS Div 2,1042570.0
ONGKOS ANGKUTAN LAUT KAPAL KM SAMUDRO ENDAH MUAT INTI SAWIT DARI KENDAWANGAN KE LAMPUNG,1061820.0
Ongkos Angkut TBS Div 6,1062450.0
TBS PERIODE 24 MEI 2021,1073138.125
TBS PERIODE 2425 JULI 2021,1075269.25
Ongkos Angkut TBS DIV 6,1082240.0
Ongkos Angkut TBS DIV 1,1092670.0
Crude Palm Oil,1100000.0
Crude Palm Oil CPO HS Code  15111000,1100000.0
CRUDE PALM OIL,1100244.0
ONGKOS ANGKUT CPO DONOMOR  1451CPO145121T030,1103040.0
Ongkos Angkut TBS Div 4,1103310.0
Ongkos Angkut TBS DIV 4,1108430.0
Ongkos Angkut TBS DIV 1,1108480.0
Ongkos Angkut TBS DIV 5,1109120.0
CRUDE PALM OIL,1111090.0
Ongkos Angkut TBS DIV 6,1116710.0
Tuslaag TBS Div 3,1134990.0
Ongkos Angkut TBS Div 5,1136430.0
BIAYA PENGOLAHAN PALM PRODUCT,1158338.0
Crude Palm Oil,1173940.0
Ongkos Angkut TBS Div 3,1174660.0
Crude Palm Oil CPO,1200000.0
CRUDE PALM OIL SESUAI KONTRAK PERJANJIAN JUAL BELI 0065SCHOJKTRWKMV2021 PERIODE  0104 Juli 2021,1200147.0
Crude Palm Oil CPO HS Code  15111000,1200644.0
Ongkos Angkut TBS DIV 7,1211930.0
Ongkos Angkut TBS Div 1,1220790.0
Ongkos Angkut TBS Div 2,1232810.0
CRUDE PALM OIL,1257680.0
85 Uang Muka  Crude Palm Oil                                                                       Contract No GSBLCPO00821,1275000.0
85 Uang Muka  Crude Palm Oil                                                                      Contract No GSBLCPO01021,1275000.0
CRUDE PALM OIL,1279890.0
Ongkos Angkut TBS Div 4,1288330.0
Ongkos Angkut TBS Div 4,1293320.0
BIAYA PENGOLAHAN PALM PRODUCT,1300670.0
Crude Palm Oil,1302233.0
Crude Palm Oil,1315220.0
CRUDE PALM OIL,1343410.0
Ongkos Angkut TBS Div 3,1354120.0
CRUDE PALM OIL,1366320.0
Ongkos Angkut TBS Div 4,1389510.0
Ongkos Angkut TBS Div 1,1390520.0
CRUDE PALM OIL,1391436.0
Ongkos Angkut TBS Div 4,1419620.0
TBS PERIODE 2930 MARET 2021,1441615.5
Crude Palm Oil,1450000.0
CRUDE PALM OIL,1487774.0
Ongkos Angkut TBS Div 3,1489900.0
Uang Muka CPO Atas Kontrak Jual Beli No  044SMLCBUCPOXI2021,1500000.0
Uang Muka CPO Atas Kontrak Jual Beli No008SMLCBUCPOII2021,1500000.0
Uang Muka CPO atas Kontrak Jual Beli No  041SMLCBUCPOXI2021,1500000.0
PENGANGKUTAN CPO DENGAN TB MITRA KENCANA XIV DAN BG SUMBER KENCANA XII DARI JAMBI KE BELAWAN,1500173.0
Ongkos Angkut CPO,1505640.0
TBS JULI 2021,1507784.0
Ongkos Angkut TBS Div 5,1529860.0
Ongkos Angkut TBS DIV 1,1546060.0
Ongkos Angkut TBS Div 5,1561020.0
Ongkos Angkut TBS Div 1,1563040.0
Ongkos Angkut TBS Div 3,1576340.0
ONGKOS ANGKUTAN LAUT KAPAL KM DAIEI MUAT INTI SAWIT DARI TANJUNGPANDAN KE LAMPUNG,1600000.0
TBS PERIODE 0203 AGUSTUS 2021,1615153.5
Ongkos Angkut TBS Div 1,1623480.0
CRUDE PALM OIL,1643568.0
TBS PERIODE 3031 OKTOBER 2021,1699498.75
ONGKOS ANGKUTAN LAUT KAPAL KM SHINEI MUAT INTI SAWIT DARI PANGKALBALAM KE DUMAI,1700000.0
Crude Palm Oil,1700205.0
PALM KERNEL,1702350.0
Crude Palm Oil,1711473.0
Tuslaag TBS Div 3,1712320.0
TBS NOVEMBER 2021,1723124.0
Crude Palm Oil,1749822.0
CRUDE PALM KERNEL OIL,1749948.0
CRUDE PALM OIL,1800000.0
CRUDE PALM OIL,1800160.0
Crude Palm Oil,1901557.0
Crude Palm Oil,1967620.0
Claim Mutu Premium CPO,1968990.0
CRUDE PALM OIL,1984337.0
Crude Palm Oil,1994227.0
CPO,1999761.0
CRUDE PALM OIL CPO HS CODE15111000,2000000.0
MINYAK KELAPA SAWIT,2000000.0
PALM KERNEL EXPELLER,2000000.0
Pembayaran CPO Atas Kontrak Jual Beli No  028SMLCBUCPOVIII2021,2000000.0
Uang Muka CPO Atas Kontrak Jual Beli No  029SMLCBUCPOVIII2021,2000000.0
Biaya pengangkutan CPO dengan TB Sungai Raya  Tkg Alfa Sarana dari Jambi ke Lubuk Gaung,2000004.0
Crude Palm Oil,2000006.0
RBD PALM KERNEL STEARINE MB,2000570.0
Ongkos Angkut CPO,2001760.0
Tuslaag  No Kontrak  1451  CPO  1451  21  T033,2003180.0
Uang muka 50 angkutan CPO dari Bumi Harjo Kumai ke Tarahan Lampung via TB Zungaro Laut  TK SM Majesty 218 sebanyak ,2004058.0
PALM KERNEL,2013410.0
PALM KERNEL,2014100.0
CRUDE PALM OIL CPO,2049382.0
PALM KERNEL,2055910.0
MINYAK KELAPA SAWIT HS CODE  15111000,2080000.0
Crude Palm Oil,2100000.0
CRUDE PALM OIL,2200000.0
CRUDE PALM OIL,2350000.0
MINYAK KELAPA SAWIT HS CODE  15111000,2400664.0
Crude Palm Oil CPO HS Code  15111000 ,2450000.0
CPO HS CODE 15111000,2499694.0
CPO HS CODE 15111000,2499804.0
CRUDE PALM OIL CPO HS CODE 15111000,2500000.0
Local Sales Crude Palm Oil Curah,2500000.0
CRUDE PALM OIL,2500416.0
MINYAK KELAPA SAWIT HS CODE  15111000,2500670.0
Crude Palm Oil,2500787.0
CRUDE PALM OIL CPO HS Code  15111000,2501076.0
CRUDE PALM OIL,2501408.0
CRUDE PALM OIL  MINYAK SAWIT ,2502984.0
CRUDE PALM OIL,2550000.0
Crude Palm Oil,2803800.0
CRUDE PALM OIL,2980247.0
CRUDE PALM OIL CURAH MB RSPO CERTIFIED  CERTIFICATE CODE  MUTU  RSPO102 HS CODE  15111000,3000000.0
Pelunasan 50 Jasa Angkutan CPO Dari Ketapang Ke Lampung Via TK Daya Utama 03 Sebanyak,3000000.0
Biaya pengangkutan CPO dengan TB Pulau Gelang  Tkg Alfa Sarana dari Jambi ke Lubuk Gaung,3000119.0
CRUDE PALM OIL,3002992.0
Ongkos Angkut CPO,3006810.0
RBD PALM OLEIN,3013724.0
CRUDE PALM OIL,3232230.0
CRUDE PALM OIL,3300097.0
Uang muka 50 angkutan CPO dari Talang Duku Jambi ke Belawan via TB Arapaima Laut  TK SM Independence 204 sebanyak  ,3500182.0
Freight angkutan CPO dari Pangkal Balam ke Lampung Ex TB Mitra 210  TK Sejahtera D28,3501074.0
JASA POMPA DESEMBER 2021 EX TK BUMI SAWIT DUA,3506588.0
Pembayaran 100  Freight CPO dari Palembang ke Lampung via TK SKU II dan TB Global Mandiri XI,3509406.0
Freight angkutan CPO dari Palembang ke Lampung Ex TB Mitra 219  TK Sejahtera D12,3513550.0
CRUDE PALM OIL,3983644.0
CRUDE PALM OIL,3986209.0
Pembayaran 100  Freight CPO dari Pangkal Balam ke Lampung via TK SKU II dan TB Global Mandiri XI,3999108.0
Tuslaag CPO,4027210.0
Pelunasan 50 angkutan CPO dari Talang Duku Jambi ke Tarahan Lampung via TB Bintang Laut  TK SM Mandiri 104 sebanyak ,4200303.0
Pelunasan 50 angkutan CPO dari Bumi Harjo Kumai ke Tarahan Lampung via TB Jangilus Laut  TK SM Masterpiece 318 sebanyak ,4500641.0
Pembayaran 100 Jasa Angkutan CPO dari Bagendang ke Lampung via TBDuta Kapuas 19  TKKapuas 265  ,4500865.0
Pelunasan 50 angkutan CPO dari Tanjung Batu Belitung ke Tarahan Lampung via TB Patin Laut  TK SM Indragiri 338 sebanyak ,4502618.0
Pembayaran 100 Jasa Angkutan CPO dari Bumiharjo ke Lampung via TBDuta Kapuas 18  TKKapuas 276  ,4502922.0
Biaya Pengangkutan CPO dengan TB Pulau Gelang Tkg Alfa Kharisma dari DPA  Dumai  ke Kabil  Batam ,4503749.0
Pelunasan 50 angkutan CPO dari Tanjung Batu Belitung ke Tarahan Lampung via TB Arapaima Laut  TK SM Independence 204 sebanyak ,4692436.0
CPO HS CODE 15111000,4899955.0
CRUDE PALM OIL,4907300.0
Pelunasan 50 angkutan CPO dari Bumi Harjo Kumai ke Tarahan Lampung via TB Patin Laut  TK SM Indragiri 338 sebanyak ,5000082.0
Uang muka 50 angkutan CPO dari Bumi Harjo Kumai ke Tarahan Lampung via TB Patin Laut  TK SM Indragiri 338 sebanyak  ,5000082.0
CRUDE PALM OIL 100,5001746.0
Crude Palm Oil,5001920.0
Uang muka 50 angkutan CPO dari Bumi Harjo Kumai ke Tarahan Lampung via TB Zungaro Laut  TK SM Majesty 218 sebanyak ,5002097.0
CRUDE PALM OIL,5002250.0
SEWA TANGKI TIMBUN CPO,5123326.0
Pelunasan 50 angkutan CPO dari Talang Duku Jambi ke Lubuk Gaung Dumai via TB Arapaima Laut  TK SM Independence 204 sebanyak ,5523870.0
CRUDE PALM OIL,7500000.0
